series_id,model,mae,smape
M32772,catboost_none,823.905474,29.949922
M39513,catboost_none,219.589640,13.895494
M43582,catboost_none,215.357866,5.951863
M2976,catboost_none,357.339097,3.215020
M3378,catboost_none,111.762422,1.794843
M3793,catboost_none,251.401188,6.647752
M34124,catboost_none,574.095444,21.292852
M19848,catboost_none,876.323363,37.696825
M10422,catboost_none,36.850906,3.329277
M28534,catboost_none,184.557150,1.835037
M35123,catboost_none,287.099133,13.636013
M38965,catboost_none,124.257914,1.240920
M4832,catboost_none,118.363639,2.126976
M26546,catboost_none,1156.115388,18.480893
M26508,catboost_none,129.537849,2.908090
M843,catboost_none,6.399415,0.588281
M27135,catboost_none,60.382377,4.607431
M24472,catboost_none,176.217913,1.710313
M41399,catboost_none,590.382186,8.710571
M6401,catboost_none,1072.444143,8.660004
M8727,catboost_none,188.758844,30.202851
M19175,catboost_none,759.551262,12.983322
M34044,catboost_none,880.015733,21.275409
M10601,catboost_none,679.467921,16.798701
M22156,catboost_none,144.426554,3.851773
M13817,catboost_none,583.392584,19.500903
M20403,catboost_none,588.135894,50.499083
M33554,catboost_none,39.876295,6.149973
M17448,catboost_none,380.918082,38.737118
M1705,catboost_none,79.803796,2.896721
M24937,catboost_none,203.110802,4.754605
M15412,catboost_none,1330.077868,16.733381
M9114,catboost_none,454.494401,22.923081
M41584,catboost_none,674.197047,7.238856
M19528,catboost_none,173.843484,13.192669
M31381,catboost_none,749.910695,23.787582
M37217,catboost_none,47.058029,4.399768
M5663,catboost_none,850.171793,7.533263
M23337,catboost_none,17.126858,1.024173
M15952,catboost_none,743.300108,13.689658
M43622,catboost_none,1545.749014,13.239999
M47799,catboost_none,1370.051849,33.767408
M36823,catboost_none,777.847653,5.049344
M19842,catboost_none,708.504424,26.923155
M3920,catboost_none,295.279191,10.344286
M33760,catboost_none,1674.470572,23.618152
M26741,catboost_none,258.958093,3.291391
M11301,catboost_none,49.112468,2.141037
M39695,catboost_none,522.237450,6.574830
M26684,catboost_none,961.019694,16.779090
M32983,catboost_none,75.849129,6.686982
M34628,catboost_none,2192.785171,31.161205
M24410,catboost_none,222.365406,5.415421
M10445,catboost_none,49.320592,4.789006
M27785,catboost_none,1238.397234,8.844264
M16157,catboost_none,304.780865,21.915483
M27832,catboost_none,579.953648,18.039493
M45377,catboost_none,329.897509,15.314530
M26001,catboost_none,149.564339,3.058285
M40961,catboost_none,5835.345822,43.014939
M5,catboost_none,148.032831,3.334791
M6840,catboost_none,697.350438,8.780305
M36792,catboost_none,206.710440,7.205552
M27368,catboost_none,874.975214,4.510269
M11193,catboost_none,68.330860,1.451785
M44275,catboost_none,34.997323,18.471531
M27721,catboost_none,23.884777,1.784823
M46313,catboost_none,254.338593,4.066592
M40266,catboost_none,1529.978587,17.655965
M19269,catboost_none,340.862080,25.149881
M39188,catboost_none,52.093096,2.149165
M40717,catboost_none,1807.933109,10.322274
M9061,catboost_none,1245.607885,48.144485
M37631,catboost_none,207.989363,2.021210
M14400,catboost_none,2348.876053,17.855286
M43093,catboost_none,36.408335,2.095404
M45915,catboost_none,111.587934,6.328791
M10391,catboost_none,308.154971,8.298826
M2477,catboost_none,198.827401,3.595763
M41747,catboost_none,539.011332,20.415238
M7569,catboost_none,704.464374,34.597973
M45430,catboost_none,590.227954,18.702850
M10158,catboost_none,40.941996,2.328454
M24801,catboost_none,28.694802,1.030366
M44781,catboost_none,2823.303359,24.536463
M854,catboost_none,147.686306,3.327484
M43251,catboost_none,137.812457,12.775465
M12609,catboost_none,75.938248,2.232390
M986,catboost_none,35.296202,1.551057
M26132,catboost_none,31.220044,2.172022
M39259,catboost_none,791.011900,9.066902
M18286,catboost_none,727.598446,19.356983
M24589,catboost_none,189.699233,5.582369
M2711,catboost_none,949.577307,9.960685
M28213,catboost_none,206.811022,2.076896
M25943,catboost_none,1011.022453,7.089371
M40019,catboost_none,2012.683874,31.056377
M31002,catboost_none,1134.690629,25.792244
M27478,catboost_none,42.922360,1.348140
M36609,catboost_none,31.501970,2.237514
M10677,catboost_none,201.608926,1.214502
M12734,catboost_none,38.482582,2.963756
M25835,catboost_none,196.576923,2.763242
M1423,catboost_none,55.597147,2.131934
M14274,catboost_none,357.643478,4.603445
M36159,catboost_none,1137.481129,18.035734
M30895,catboost_none,589.120097,8.063901
M34094,catboost_none,1376.379099,44.123999
M30170,catboost_none,94.754419,2.426857
M21061,catboost_none,116.674126,6.105439
M2864,catboost_none,1115.009846,8.815975
M47962,catboost_none,600.611930,12.583965
M20089,catboost_none,400.063265,18.350684
M15704,catboost_none,330.822190,14.154949
M2800,catboost_none,339.631263,9.816344
M17556,catboost_none,729.263715,53.309371
M3169,catboost_none,732.855579,5.893703
M8649,catboost_none,798.698925,31.191910
M27326,catboost_none,90.212511,5.593390
M31121,catboost_none,271.322605,18.541726
M2433,catboost_none,347.882270,6.292739
M41134,catboost_none,504.211377,8.061869
M31081,catboost_none,322.102246,8.212185
M7194,catboost_none,964.110368,19.378991
M21216,catboost_none,251.751564,9.555479
M6651,catboost_none,1356.564908,17.782582
M8298,catboost_none,1429.259653,48.854211
M24871,catboost_none,156.824894,1.912239
M12267,catboost_none,154.373079,1.507805
M21362,catboost_none,226.957453,12.693810
M27551,catboost_none,21.862608,1.952294
M5764,catboost_none,206.927359,2.387880
M25201,catboost_none,179.670679,3.036562
M29756,catboost_none,256.548359,2.648942
M26654,catboost_none,368.557964,19.874566
M38360,catboost_none,76.869753,1.594046
M33017,catboost_none,2296.308239,37.034871
M12430,catboost_none,223.528881,6.832612
M33772,catboost_none,1205.664806,10.826544
M6341,catboost_none,204.863671,3.753874
M16502,catboost_none,293.678460,6.592969
M32262,catboost_none,6137.280494,103.500643
M45792,catboost_none,207.156233,19.559173
M30603,catboost_none,635.480399,6.685181
M5081,catboost_none,174.088183,4.352681
M12529,catboost_none,108.303740,2.818816
M2580,catboost_none,349.002610,4.980221
M46344,catboost_none,283.686658,5.197625
M31613,catboost_none,410.227285,8.926518
M17610,catboost_none,659.299922,19.811349
M39483,catboost_none,136.653555,2.948646
M17963,catboost_none,936.236605,27.428834
M30283,catboost_none,442.195430,19.362681
M12470,catboost_none,44.055865,1.807229
M40800,catboost_none,75.460717,5.015489
M13578,catboost_none,585.120278,19.170781
M38839,catboost_none,202.551827,1.993598
M7375,catboost_none,672.520616,13.506494
M29388,catboost_none,336.578997,5.225983
M41495,catboost_none,326.521250,12.734252
M4505,catboost_none,1038.592825,14.639710
M24565,catboost_none,51.149158,0.898372
M43082,catboost_none,222.253150,9.120212
M41390,catboost_none,583.922509,8.678098
M15005,catboost_none,903.814106,11.951876
M8593,catboost_none,1162.653877,19.188964
M5755,catboost_none,434.357945,11.804747
M16818,catboost_none,292.513198,3.630786
M15385,catboost_none,33.503562,2.109858
M45346,catboost_none,582.216081,9.340434
M8046,catboost_none,357.742155,36.407624
M23315,catboost_none,39.228455,1.266797
M43146,catboost_none,192.903706,4.690212
M38204,catboost_none,81.593744,1.343851
M29604,catboost_none,32.729090,2.639495
M23277,catboost_none,39.700615,0.665263
M3752,catboost_none,56.970514,0.967748
M33252,catboost_none,891.478042,89.423938
M5693,catboost_none,288.134424,6.840762
M7639,catboost_none,705.195563,50.126823
M6537,catboost_none,50.019365,4.398892
M33657,catboost_none,519.196165,12.985550
M21547,catboost_none,87.161083,3.404193
M34119,catboost_none,843.847976,42.060359
M23557,catboost_none,1446.350995,17.254528
M1571,catboost_none,75.898024,3.795800
M33216,catboost_none,887.600763,44.238208
M8421,catboost_none,620.350339,40.653424
M31802,catboost_none,478.946936,41.922146
M19304,catboost_none,1122.193060,31.031227
M851,catboost_none,441.742438,21.019293
M34969,catboost_none,252.933095,27.119627
M38555,catboost_none,50.527356,1.209637
M10784,catboost_none,244.917279,4.733980
M21591,catboost_none,167.303237,13.161885
M5730,catboost_none,391.193590,6.866805
M13864,catboost_none,201.597849,2.782309
M26397,catboost_none,90.235135,4.023087
M18895,catboost_none,660.622477,16.185071
M28850,catboost_none,1437.048985,13.924285
M148,catboost_none,614.278537,3.306859
M24450,catboost_none,150.868907,2.444641
M43809,catboost_none,476.632247,7.079721
M42467,catboost_none,532.981644,11.002305
M41589,catboost_none,36.464803,1.967794
M35175,catboost_none,951.407045,13.466483
M42924,catboost_none,278.134051,8.380031
M28580,catboost_none,542.757475,5.529650
M17173,catboost_none,743.447901,55.125153
M40532,catboost_none,471.489628,5.734640
M42995,catboost_none,438.693188,26.205078
M9956,catboost_none,650.338397,23.658357
M24345,catboost_none,614.922131,4.156641
M42537,catboost_none,3279.320145,42.511670
M30261,catboost_none,593.840357,27.552437
M8327,catboost_none,481.444123,19.159746
M18938,catboost_none,446.966057,41.251749
M44608,catboost_none,221.819925,8.764394
M28207,catboost_none,354.640372,3.568102
M19855,catboost_none,264.278754,12.383880
M22634,catboost_none,63.338709,2.081330
M13180,catboost_none,29.623766,1.142633
M17657,catboost_none,240.480025,21.939114
M38014,catboost_none,29.843717,2.373626
M33096,catboost_none,155.719639,21.706879
M17667,catboost_none,1074.798031,22.924326
M38440,catboost_none,180.744206,2.537043
M30234,catboost_none,699.295180,29.890555
M23410,catboost_none,460.545636,7.553327
M20756,catboost_none,476.629602,50.458339
M47916,catboost_none,28.136383,2.855817
M22869,catboost_none,105.913353,4.073378
M4304,catboost_none,704.054497,8.531445
M41137,catboost_none,1015.526710,17.351720
M885,catboost_none,369.130658,5.523768
M18554,catboost_none,1920.801463,25.800421
M34114,catboost_none,259.278099,17.943040
M36326,catboost_none,1080.278803,20.027045
M22513,catboost_none,72.216268,2.963121
M11087,catboost_none,51.481730,2.851500
M38166,catboost_none,127.056717,1.423508
M36711,catboost_none,1413.418248,12.966365
M9619,catboost_none,379.550642,50.223022
M27889,catboost_none,199.964394,8.864159
M2609,catboost_none,377.274465,39.922709
M8226,catboost_none,1086.467703,28.015870
M29564,catboost_none,51.756477,3.106428
M33114,catboost_none,781.574917,13.156134
M45890,catboost_none,128.714483,7.852446
M12028,catboost_none,140.225839,5.004080
M14578,catboost_none,579.512290,10.671585
M18393,catboost_none,1858.279604,23.943764
M18394,catboost_none,840.417874,17.821624
M32570,catboost_none,1443.216486,18.361943
M40879,catboost_none,63.857364,1.700447
M19822,catboost_none,1171.977591,39.889468
M24670,catboost_none,288.287230,11.274487
M36244,catboost_none,396.186498,9.745909
M2442,catboost_none,75.720345,4.036712
M12404,catboost_none,36.763347,1.337480
M12754,catboost_none,33.920782,1.316358
M29510,catboost_none,199.787202,5.756735
M19100,catboost_none,938.220262,32.585317
M36643,catboost_none,65.005939,4.190669
M12712,catboost_none,89.329005,4.938342
M19039,catboost_none,512.893969,15.679783
M2183,catboost_none,93.474814,3.296087
M38074,catboost_none,598.857783,14.424294
M39011,catboost_none,37.622204,3.843921
M26405,catboost_none,56.687186,2.437795
M23424,catboost_none,142.779806,3.362925
M25000,catboost_none,214.530180,5.593140
M38778,catboost_none,116.703109,1.161287
M37249,catboost_none,181.118692,5.939839
M36925,catboost_none,419.644134,13.469268
M5735,catboost_none,1232.632387,11.818591
M20252,catboost_none,670.852218,18.694351
M37370,catboost_none,65.094171,6.527343
M20820,catboost_none,248.139967,20.745088
M25750,catboost_none,123.807322,10.858569
M26657,catboost_none,57.403222,5.881350
M19928,catboost_none,600.675647,11.756639
M11016,catboost_none,67.664705,3.769861
M29269,catboost_none,518.592354,22.983793
M22571,catboost_none,53.276187,2.600733
M7746,catboost_none,2757.834079,29.786771
M22653,catboost_none,20.403336,1.373639
M28137,catboost_none,454.615679,4.490793
M14884,catboost_none,568.822710,5.813381
M2955,catboost_none,692.624216,6.813660
M36494,catboost_none,36.091664,2.146885
M33390,catboost_none,697.616423,37.740452
M9021,catboost_none,1360.896364,50.442434
M27093,catboost_none,304.292738,2.883370
M23830,catboost_none,875.491875,14.009052
M16180,catboost_none,635.246996,4.973239
M40947,catboost_none,747.750432,14.758892
M31013,catboost_none,431.802683,8.785167
M24082,catboost_none,519.105175,15.208216
M15401,catboost_none,604.818900,20.930481
M32772,catboost_standard,718.705497,26.849367
M39513,catboost_standard,162.375459,10.486443
M43582,catboost_standard,322.048216,9.147275
M2976,catboost_standard,351.097360,3.154490
M3378,catboost_standard,55.832096,0.902257
M3793,catboost_standard,134.015066,3.456849
M34124,catboost_standard,364.600667,14.137238
M19848,catboost_standard,773.367342,34.189209
M10422,catboost_standard,37.463870,3.385512
M28534,catboost_standard,173.873313,1.729988
M35123,catboost_standard,347.075258,16.175976
M38965,catboost_standard,159.896166,1.594563
M4832,catboost_standard,169.057532,3.083049
M26546,catboost_standard,670.584467,11.352714
M26508,catboost_standard,104.393358,2.351121
M843,catboost_standard,12.437774,1.147809
M27135,catboost_standard,5.443428,0.427989
M24472,catboost_standard,187.573319,1.823045
M41399,catboost_standard,556.362222,8.179731
M6401,catboost_standard,1223.414403,10.004620
M8727,catboost_standard,117.019321,19.958145
M19175,catboost_standard,821.685563,13.926649
M34044,catboost_standard,860.615695,21.497438
M10601,catboost_standard,575.298267,13.863955
M22156,catboost_standard,165.813755,4.401585
M13817,catboost_standard,582.852735,19.507074
M20403,catboost_standard,740.996174,58.849990
M33554,catboost_standard,68.528106,10.368419
M17448,catboost_standard,283.528955,30.746436
M1705,catboost_standard,74.352781,2.685341
M24937,catboost_standard,172.963020,4.041405
M15412,catboost_standard,1618.963767,20.687890
M9114,catboost_standard,436.713387,22.147411
M41584,catboost_standard,647.768956,6.938521
M19528,catboost_standard,174.461463,13.245549
M31381,catboost_standard,730.507404,23.222976
M37217,catboost_standard,44.662525,4.194853
M5663,catboost_standard,1215.960278,10.511164
M23337,catboost_standard,13.385396,0.802544
M15952,catboost_standard,552.541195,9.994082
M43622,catboost_standard,1509.549626,12.904665
M47799,catboost_standard,1506.731972,36.230045
M36823,catboost_standard,1921.559566,13.109304
M19842,catboost_standard,407.744905,16.879260
M3920,catboost_standard,186.155659,6.584300
M33760,catboost_standard,1464.033723,21.068558
M26741,catboost_standard,148.115181,1.902758
M11301,catboost_standard,36.014781,1.567193
M39695,catboost_standard,205.508660,2.649017
M26684,catboost_standard,886.968971,15.761544
M32983,catboost_standard,57.737341,5.199737
M34628,catboost_standard,2044.062311,28.794809
M24410,catboost_standard,126.154816,3.123000
M10445,catboost_standard,41.053198,3.966071
M27785,catboost_standard,1400.005280,10.039355
M16157,catboost_standard,291.539437,20.907735
M27832,catboost_standard,658.040723,19.492576
M45377,catboost_standard,250.630400,12.012792
M26001,catboost_standard,155.445232,3.198590
M40961,catboost_standard,5859.410522,43.265566
M5,catboost_standard,55.247427,1.265612
M6840,catboost_standard,912.606068,11.746193
M36792,catboost_standard,207.655419,7.231365
M27368,catboost_standard,138.383660,0.698406
M11193,catboost_standard,27.243622,0.583452
M44275,catboost_standard,15.172798,8.468215
M27721,catboost_standard,9.775466,0.734227
M46313,catboost_standard,276.198492,4.415926
M40266,catboost_standard,1410.106628,16.346462
M19269,catboost_standard,466.898590,32.306994
M39188,catboost_standard,74.078499,3.101545
M40717,catboost_standard,3185.516271,18.971572
M9061,catboost_standard,1799.444893,61.511214
M37631,catboost_standard,385.321937,3.786210
M14400,catboost_standard,1799.070840,13.045068
M43093,catboost_standard,40.089043,2.303310
M45915,catboost_standard,108.070190,6.109126
M10391,catboost_standard,281.151474,7.527773
M2477,catboost_standard,281.425897,5.038230
M41747,catboost_standard,536.480831,20.159634
M7569,catboost_standard,546.438602,27.820320
M45430,catboost_standard,357.931930,10.880966
M10158,catboost_standard,42.363481,2.407537
M24801,catboost_standard,39.722095,1.430993
M44781,catboost_standard,2580.683682,22.140395
M854,catboost_standard,208.827210,4.768625
M43251,catboost_standard,91.776411,8.758390
M12609,catboost_standard,92.893092,2.739955
M986,catboost_standard,29.616084,1.300201
M26132,catboost_standard,35.174194,2.457063
M39259,catboost_standard,477.769319,5.338805
M18286,catboost_standard,1030.717022,25.966635
M24589,catboost_standard,100.385757,2.992422
M2711,catboost_standard,640.804994,6.743679
M28213,catboost_standard,73.376435,0.744025
M25943,catboost_standard,1107.446034,7.797150
M40019,catboost_standard,1706.236746,27.002596
M31002,catboost_standard,1176.718952,26.700130
M27478,catboost_standard,46.982234,1.487017
M36609,catboost_standard,22.161780,1.571285
M10677,catboost_standard,223.685311,1.346797
M12734,catboost_standard,11.796462,0.913678
M25835,catboost_standard,192.407278,2.713940
M1423,catboost_standard,29.050697,1.111464
M14274,catboost_standard,303.702055,3.894927
M36159,catboost_standard,826.024592,12.724142
M30895,catboost_standard,637.460734,8.727420
M34094,catboost_standard,1369.114839,44.252610
M30170,catboost_standard,98.897700,2.535028
M21061,catboost_standard,135.415915,7.209846
M2864,catboost_standard,989.975137,7.725162
M47962,catboost_standard,794.330481,16.279993
M20089,catboost_standard,507.098621,22.551830
M15704,catboost_standard,262.358216,11.016829
M2800,catboost_standard,316.369816,9.106539
M17556,catboost_standard,639.052011,48.460293
M3169,catboost_standard,502.786569,4.053895
M8649,catboost_standard,651.043162,26.209016
M27326,catboost_standard,38.317115,2.417372
M31121,catboost_standard,262.323563,17.835183
M2433,catboost_standard,320.928360,5.766752
M41134,catboost_standard,641.788145,10.426118
M31081,catboost_standard,371.020474,9.541205
M7194,catboost_standard,874.449372,17.421693
M21216,catboost_standard,187.573862,7.229163
M6651,catboost_standard,1220.886967,15.826346
M8298,catboost_standard,1413.924671,48.255206
M24871,catboost_standard,57.923436,0.711495
M12267,catboost_standard,97.630239,0.949648
M21362,catboost_standard,226.645744,12.758603
M27551,catboost_standard,19.750911,1.761571
M5764,catboost_standard,111.358119,1.296107
M25201,catboost_standard,124.884982,2.119659
M29756,catboost_standard,342.854141,3.554990
M26654,catboost_standard,383.291902,20.541554
M38360,catboost_standard,80.761084,1.683006
M33017,catboost_standard,1944.812466,32.437777
M12430,catboost_standard,207.421120,6.312636
M33772,catboost_standard,1182.898373,10.780468
M6341,catboost_standard,228.159045,4.198813
M16502,catboost_standard,316.230607,7.099482
M32262,catboost_standard,3577.356418,48.788995
M45792,catboost_standard,262.198319,23.630285
M30603,catboost_standard,607.690232,6.351590
M5081,catboost_standard,204.487672,5.095438
M12529,catboost_standard,104.229119,2.716625
M2580,catboost_standard,52.649177,0.775128
M46344,catboost_standard,276.698650,5.069460
M31613,catboost_standard,106.303885,2.195830
M17610,catboost_standard,701.370857,21.031523
M39483,catboost_standard,122.575269,2.649470
M17963,catboost_standard,1002.275754,27.042466
M30283,catboost_standard,311.233990,14.035489
M12470,catboost_standard,48.438757,1.989045
M40800,catboost_standard,71.735007,4.768810
M13578,catboost_standard,489.738566,15.752073
M38839,catboost_standard,182.211532,1.795657
M7375,catboost_standard,635.175963,12.855247
M29388,catboost_standard,236.842082,3.642914
M41495,catboost_standard,303.937228,11.976307
M4505,catboost_standard,1049.894140,14.893385
M24565,catboost_standard,142.650735,2.530082
M43082,catboost_standard,160.542793,6.711782
M41390,catboost_standard,428.926980,6.457006
M15005,catboost_standard,622.077485,8.428422
M8593,catboost_standard,1033.750678,17.294716
M5755,catboost_standard,456.462822,12.316903
M16818,catboost_standard,424.937330,5.337083
M15385,catboost_standard,58.779218,3.733404
M45346,catboost_standard,327.290552,5.135818
M8046,catboost_standard,278.828733,29.603394
M23315,catboost_standard,36.516063,1.178346
M43146,catboost_standard,199.485086,4.839789
M38204,catboost_standard,66.519529,1.093359
M29604,catboost_standard,18.859047,1.498286
M23277,catboost_standard,84.927499,1.430181
M3752,catboost_standard,66.944029,1.138881
M33252,catboost_standard,935.479379,91.670539
M5693,catboost_standard,300.782796,7.120401
M7639,catboost_standard,411.841413,33.319439
M6537,catboost_standard,49.120665,4.321627
M33657,catboost_standard,588.447613,14.510142
M21547,catboost_standard,137.375371,5.266646
M34119,catboost_standard,858.139817,42.412741
M23557,catboost_standard,1835.373100,21.485766
M1571,catboost_standard,64.461032,3.211354
M33216,catboost_standard,939.136389,45.884406
M8421,catboost_standard,638.130794,41.443588
M31802,catboost_standard,489.785450,42.847444
M19304,catboost_standard,1350.573017,35.889820
M851,catboost_standard,221.331506,11.184377
M34969,catboost_standard,243.662368,26.563364
M38555,catboost_standard,45.808671,1.097352
M10784,catboost_standard,237.632318,4.587767
M21591,catboost_standard,165.217449,13.006913
M5730,catboost_standard,332.363363,5.847000
M13864,catboost_standard,870.099308,11.312598
M26397,catboost_standard,66.452175,2.982267
M18895,catboost_standard,673.677275,16.403292
M28850,catboost_standard,1434.866375,13.844791
M148,catboost_standard,746.845271,4.003006
M24450,catboost_standard,77.406838,1.284188
M43809,catboost_standard,552.615608,8.306789
M42467,catboost_standard,582.965737,12.109730
M41589,catboost_standard,24.769004,1.329880
M35175,catboost_standard,925.370092,12.814752
M42924,catboost_standard,524.689770,16.234640
M28580,catboost_standard,669.125170,6.766909
M17173,catboost_standard,453.419399,36.503513
M40532,catboost_standard,445.844453,5.451312
M42995,catboost_standard,400.575512,24.303919
M9956,catboost_standard,526.321586,19.558271
M24345,catboost_standard,654.203943,4.420107
M42537,catboost_standard,4037.084993,54.348059
M30261,catboost_standard,399.020968,19.463690
M8327,catboost_standard,411.363945,16.624850
M18938,catboost_standard,467.097114,42.613368
M44608,catboost_standard,43.789377,1.800581
M28207,catboost_standard,285.063027,2.878603
M19855,catboost_standard,267.680390,12.551465
M22634,catboost_standard,28.313317,0.922819
M13180,catboost_standard,32.648579,1.261235
M17657,catboost_standard,295.765361,25.996757
M38014,catboost_standard,37.080600,3.019900
M33096,catboost_standard,189.489253,26.643648
M17667,catboost_standard,1701.027068,33.159076
M38440,catboost_standard,110.757284,1.561099
M30234,catboost_standard,221.996721,10.935114
M23410,catboost_standard,252.932297,4.226562
M20756,catboost_standard,381.950486,43.009193
M47916,catboost_standard,28.643364,2.907872
M22869,catboost_standard,124.820566,4.812117
M4304,catboost_standard,617.413439,7.513249
M41137,catboost_standard,1257.876520,20.817640
M885,catboost_standard,119.493191,1.851595
M18554,catboost_standard,1533.218808,20.393300
M34114,catboost_standard,284.968863,19.413510
M36326,catboost_standard,857.604912,16.615922
M22513,catboost_standard,61.099748,2.509642
M11087,catboost_standard,24.205430,1.350770
M38166,catboost_standard,132.955588,1.488068
M36711,catboost_standard,686.729196,6.074820
M9619,catboost_standard,261.507814,37.796599
M27889,catboost_standard,226.269215,10.136693
M2609,catboost_standard,310.486641,34.291750
M8226,catboost_standard,1265.448681,31.544001
M29564,catboost_standard,43.797440,2.614207
M33114,catboost_standard,687.061401,11.363082
M45890,catboost_standard,131.082926,7.999495
M12028,catboost_standard,110.869518,3.922266
M14578,catboost_standard,453.939799,8.087608
M18393,catboost_standard,1695.528132,21.988134
M18394,catboost_standard,764.565820,16.336627
M32570,catboost_standard,1026.318632,13.536479
M40879,catboost_standard,58.696847,1.563360
M19822,catboost_standard,1392.077393,45.064879
M24670,catboost_standard,299.896996,11.641796
M36244,catboost_standard,414.983177,10.179147
M2442,catboost_standard,54.644423,2.891962
M12404,catboost_standard,35.046261,1.282287
M12754,catboost_standard,41.703144,1.618539
M29510,catboost_standard,158.805691,4.543220
M19100,catboost_standard,1210.319407,39.384110
M36643,catboost_standard,66.666407,4.300997
M12712,catboost_standard,164.080945,8.946009
M19039,catboost_standard,464.974618,14.208060
M2183,catboost_standard,111.304358,3.924580
M38074,catboost_standard,1751.243527,35.399438
M39011,catboost_standard,89.656322,8.879325
M26405,catboost_standard,54.006192,2.298977
M23424,catboost_standard,103.688641,2.452654
M25000,catboost_standard,242.463173,6.323826
M38778,catboost_standard,107.676564,1.072308
M37249,catboost_standard,827.546010,30.268232
M36925,catboost_standard,487.753506,15.485328
M5735,catboost_standard,808.987291,7.576697
M20252,catboost_standard,616.050945,16.919512
M37370,catboost_standard,50.410752,5.094082
M20820,catboost_standard,220.207851,18.634487
M25750,catboost_standard,100.314347,8.857544
M26657,catboost_standard,159.731817,14.996370
M19928,catboost_standard,772.511998,14.668920
M11016,catboost_standard,72.864666,4.052911
M29269,catboost_standard,199.638659,9.574037
M22571,catboost_standard,40.551304,2.020797
M7746,catboost_standard,3523.759013,36.195013
M22653,catboost_standard,11.563792,0.781724
M28137,catboost_standard,671.088251,6.663522
M14884,catboost_standard,602.020076,6.156289
M2955,catboost_standard,783.681431,7.765934
M36494,catboost_standard,30.857492,1.831040
M33390,catboost_standard,749.955647,43.410506
M9021,catboost_standard,1380.964464,50.940531
M27093,catboost_standard,104.401991,1.002443
M23830,catboost_standard,746.003627,11.711082
M16180,catboost_standard,799.532197,6.226399
M40947,catboost_standard,588.176549,11.321554
M31013,catboost_standard,389.706428,7.891685
M24082,catboost_standard,542.851172,15.623181
M15401,catboost_standard,641.266011,22.362355
M32772,catboost_robust,793.529965,29.096404
M39513,catboost_robust,135.812615,8.862301
M43582,catboost_robust,396.648667,11.441574
M2976,catboost_robust,417.655944,3.770804
M3378,catboost_robust,56.070785,0.906158
M3793,catboost_robust,133.321590,3.479158
M34124,catboost_robust,331.910475,12.861319
M19848,catboost_robust,851.584975,36.830924
M10422,catboost_robust,36.918127,3.335211
M28534,catboost_robust,311.972291,3.057724
M35123,catboost_robust,334.752780,15.663094
M38965,catboost_robust,89.637895,0.897379
M4832,catboost_robust,137.441087,2.498451
M26546,catboost_robust,396.903090,7.065819
M26508,catboost_robust,66.703452,1.510236
M843,catboost_robust,13.799456,1.274414
M27135,catboost_robust,10.365043,0.816768
M24472,catboost_robust,498.674117,4.949089
M41399,catboost_robust,627.897441,9.295151
M6401,catboost_robust,1273.801695,10.469304
M8727,catboost_robust,116.338021,19.828602
M19175,catboost_robust,884.386430,14.855161
M34044,catboost_robust,720.118558,17.525397
M10601,catboost_robust,561.923941,13.631136
M22156,catboost_robust,230.528516,6.045458
M13817,catboost_robust,612.462648,20.616658
M20403,catboost_robust,602.801262,51.387718
M33554,catboost_robust,61.266361,9.360483
M17448,catboost_robust,299.829232,32.046164
M1705,catboost_robust,75.392788,2.725508
M24937,catboost_robust,164.971734,3.842482
M15412,catboost_robust,1705.849372,21.833064
M9114,catboost_robust,494.419533,24.647931
M41584,catboost_robust,553.745466,5.892032
M19528,catboost_robust,183.258573,13.903270
M31381,catboost_robust,965.947111,29.435820
M37217,catboost_robust,51.026990,4.802317
M5663,catboost_robust,1354.076778,11.618477
M23337,catboost_robust,9.116473,0.546397
M15952,catboost_robust,494.304694,8.916074
M43622,catboost_robust,1366.396117,11.591146
M47799,catboost_robust,1566.637789,37.212079
M36823,catboost_robust,3060.051376,21.788835
M19842,catboost_robust,625.102991,24.131102
M3920,catboost_robust,289.930380,10.170077
M33760,catboost_robust,1552.513377,22.145550
M26741,catboost_robust,242.087782,3.090891
M11301,catboost_robust,37.451898,1.630802
M39695,catboost_robust,412.237547,5.237371
M26684,catboost_robust,916.289454,16.388354
M32983,catboost_robust,71.277415,6.315784
M34628,catboost_robust,2158.030389,30.683899
M24410,catboost_robust,131.102726,3.242179
M10445,catboost_robust,40.152491,3.878234
M27785,catboost_robust,1092.693417,7.796039
M16157,catboost_robust,293.953854,21.086892
M27832,catboost_robust,681.037352,20.085566
M45377,catboost_robust,272.907264,12.980523
M26001,catboost_robust,118.241735,2.424365
M40961,catboost_robust,5868.909178,43.346200
M5,catboost_robust,54.096838,1.239466
M6840,catboost_robust,1031.641269,13.377741
M36792,catboost_robust,92.784865,3.145775
M27368,catboost_robust,484.920494,2.418021
M11193,catboost_robust,30.154588,0.645782
M44275,catboost_robust,36.712143,19.244033
M27721,catboost_robust,4.615681,0.347832
M46313,catboost_robust,209.221770,3.335679
M40266,catboost_robust,1426.939080,16.590508
M19269,catboost_robust,549.745542,36.694138
M39188,catboost_robust,127.995457,5.448622
M40717,catboost_robust,624.540843,3.422069
M9061,catboost_robust,1884.147092,63.349379
M37631,catboost_robust,471.147308,4.652565
M14400,catboost_robust,1743.937485,12.800401
M43093,catboost_robust,36.089251,2.070886
M45915,catboost_robust,119.990528,6.813538
M10391,catboost_robust,348.949544,9.457931
M2477,catboost_robust,285.644118,5.112536
M41747,catboost_robust,542.598973,20.416029
M7569,catboost_robust,514.371705,26.548054
M45430,catboost_robust,370.607510,11.258599
M10158,catboost_robust,36.814856,2.088518
M24801,catboost_robust,47.625934,1.719173
M44781,catboost_robust,3216.349080,28.635094
M854,catboost_robust,178.512874,4.053827
M43251,catboost_robust,88.270907,8.493526
M12609,catboost_robust,93.653956,2.761195
M986,catboost_robust,37.780654,1.659807
M26132,catboost_robust,41.884044,2.929715
M39259,catboost_robust,441.212418,4.916138
M18286,catboost_robust,1186.051684,29.145675
M24589,catboost_robust,89.788747,2.680684
M2711,catboost_robust,613.931056,6.495071
M28213,catboost_robust,68.454451,0.695287
M25943,catboost_robust,1449.898338,10.355026
M40019,catboost_robust,1711.967078,27.087913
M31002,catboost_robust,1186.043766,26.982117
M27478,catboost_robust,86.976409,2.774459
M36609,catboost_robust,28.059324,1.990541
M10677,catboost_robust,332.285728,2.013340
M12734,catboost_robust,12.166287,0.945235
M25835,catboost_robust,195.858878,2.765991
M1423,catboost_robust,25.641259,0.982579
M14274,catboost_robust,233.853246,2.984738
M36159,catboost_robust,689.078961,10.324602
M30895,catboost_robust,737.734634,9.961079
M34094,catboost_robust,1342.320217,43.673976
M30170,catboost_robust,91.561470,2.347547
M21061,catboost_robust,131.261040,6.968069
M2864,catboost_robust,1159.724058,9.245272
M47962,catboost_robust,616.071211,12.829460
M20089,catboost_robust,426.930662,19.428463
M15704,catboost_robust,281.330523,11.730935
M2800,catboost_robust,408.949636,11.971557
M17556,catboost_robust,646.508225,48.783944
M3169,catboost_robust,547.807167,4.420793
M8649,catboost_robust,515.802784,21.466020
M27326,catboost_robust,53.624845,3.365204
M31121,catboost_robust,391.193718,25.584994
M2433,catboost_robust,287.961286,5.197937
M41134,catboost_robust,527.328648,8.424593
M31081,catboost_robust,298.182063,7.555949
M7194,catboost_robust,857.015121,17.117924
M21216,catboost_robust,212.985991,8.156726
M6651,catboost_robust,1241.832410,16.141094
M8298,catboost_robust,1484.926068,50.102954
M24871,catboost_robust,65.475321,0.804267
M12267,catboost_robust,102.015718,0.992198
M21362,catboost_robust,228.607047,12.800278
M27551,catboost_robust,30.220497,2.713510
M5764,catboost_robust,132.196336,1.536652
M25201,catboost_robust,126.442756,2.147779
M29756,catboost_robust,190.597843,1.952061
M26654,catboost_robust,471.750373,24.552594
M38360,catboost_robust,58.984637,1.227798
M33017,catboost_robust,1765.321869,30.017297
M12430,catboost_robust,190.497732,5.791340
M33772,catboost_robust,957.597915,8.542800
M6341,catboost_robust,241.591593,4.450506
M16502,catboost_robust,354.720066,7.900190
M32262,catboost_robust,3633.235678,49.944314
M45792,catboost_robust,233.095738,21.527364
M30603,catboost_robust,501.250660,5.318472
M5081,catboost_robust,203.437265,5.067778
M12529,catboost_robust,110.228759,2.876546
M2580,catboost_robust,285.589561,4.293108
M46344,catboost_robust,274.665346,5.033371
M31613,catboost_robust,118.684725,2.459419
M17610,catboost_robust,730.710536,21.902671
M39483,catboost_robust,87.322795,1.896086
M17963,catboost_robust,936.046993,25.632218
M30283,catboost_robust,461.243621,20.104024
M12470,catboost_robust,63.110620,2.606822
M40800,catboost_robust,73.368948,4.877630
M13578,catboost_robust,517.845875,16.740990
M38839,catboost_robust,155.133318,1.530858
M7375,catboost_robust,812.998852,16.024144
M29388,catboost_robust,139.224396,2.124084
M41495,catboost_robust,302.929740,11.952201
M4505,catboost_robust,1050.585068,14.902824
M24565,catboost_robust,254.010102,4.555260
M43082,catboost_robust,132.904684,5.569066
M41390,catboost_robust,444.934639,6.694291
M15005,catboost_robust,661.674669,8.933432
M8593,catboost_robust,1092.110748,18.163821
M5755,catboost_robust,447.286297,12.047568
M16818,catboost_robust,373.936102,4.673783
M15385,catboost_robust,72.414625,4.626536
M45346,catboost_robust,146.228183,2.270836
M8046,catboost_robust,280.474879,29.728574
M23315,catboost_robust,43.404053,1.402661
M43146,catboost_robust,206.197963,4.976769
M38204,catboost_robust,105.188664,1.722918
M29604,catboost_robust,17.504443,1.388569
M23277,catboost_robust,90.586154,1.526720
M3752,catboost_robust,58.099940,0.987459
M33252,catboost_robust,929.777235,91.395980
M5693,catboost_robust,287.023164,6.806193
M7639,catboost_robust,531.549988,40.625686
M6537,catboost_robust,34.127106,2.988162
M33657,catboost_robust,586.605286,14.460457
M21547,catboost_robust,134.265912,5.148058
M34119,catboost_robust,864.621906,42.599804
M23557,catboost_robust,1570.156991,18.613807
M1571,catboost_robust,74.076198,3.702372
M33216,catboost_robust,926.575508,45.454986
M8421,catboost_robust,657.570928,42.400423
M31802,catboost_robust,419.830855,38.099283
M19304,catboost_robust,1325.707426,35.408115
M851,catboost_robust,161.126577,8.281738
M34969,catboost_robust,243.750307,26.539102
M38555,catboost_robust,29.445478,0.706268
M10784,catboost_robust,157.438402,3.009286
M21591,catboost_robust,177.170510,13.816248
M5730,catboost_robust,339.868859,5.981451
M13864,catboost_robust,726.514587,9.522368
M26397,catboost_robust,61.390070,2.759590
M18895,catboost_robust,793.921818,18.891935
M28850,catboost_robust,1451.442217,14.075301
M148,catboost_robust,512.890272,2.767001
M24450,catboost_robust,78.247874,1.298266
M43809,catboost_robust,531.175482,7.973454
M42467,catboost_robust,648.848249,13.518083
M41589,catboost_robust,82.737403,4.542420
M35175,catboost_robust,952.458620,13.130559
M42924,catboost_robust,396.171001,11.978275
M28580,catboost_robust,700.421519,7.056575
M17173,catboost_robust,425.066010,34.155466
M40532,catboost_robust,408.015622,4.995779
M42995,catboost_robust,403.975548,24.459749
M9956,catboost_robust,542.865274,20.147286
M24345,catboost_robust,687.013852,4.630566
M42537,catboost_robust,3721.000333,49.216516
M30261,catboost_robust,481.475530,23.017226
M8327,catboost_robust,445.243229,17.879167
M18938,catboost_robust,450.735933,41.485162
M44608,catboost_robust,71.568189,2.917951
M28207,catboost_robust,253.510557,2.565197
M19855,catboost_robust,265.214621,12.431525
M22634,catboost_robust,30.389939,0.990645
M13180,catboost_robust,19.288653,0.742157
M17657,catboost_robust,289.788265,25.508818
M38014,catboost_robust,27.298998,2.214801
M33096,catboost_robust,188.057302,26.540997
M17667,catboost_robust,1887.537584,35.844634
M38440,catboost_robust,117.481734,1.654561
M30234,catboost_robust,262.487719,12.678290
M23410,catboost_robust,232.541645,3.894330
M20756,catboost_robust,405.650248,44.861757
M47916,catboost_robust,24.357703,2.484374
M22869,catboost_robust,85.143673,3.251530
M4304,catboost_robust,648.393689,7.851233
M41137,catboost_robust,1291.067820,21.341188
M885,catboost_robust,110.525899,1.716884
M18554,catboost_robust,1484.495696,19.270263
M34114,catboost_robust,242.161766,16.826831
M36326,catboost_robust,1010.919386,19.067146
M22513,catboost_robust,78.821762,3.220739
M11087,catboost_robust,16.594226,0.935893
M38166,catboost_robust,191.167512,2.150032
M36711,catboost_robust,1343.246997,12.276759
M9619,catboost_robust,191.231782,29.414249
M27889,catboost_robust,246.911318,11.139283
M2609,catboost_robust,276.543431,31.183874
M8226,catboost_robust,1250.061766,31.254456
M29564,catboost_robust,59.106524,3.548037
M33114,catboost_robust,698.878328,11.535484
M45890,catboost_robust,138.520064,8.476733
M12028,catboost_robust,119.485183,4.245546
M14578,catboost_robust,345.757774,5.989921
M18393,catboost_robust,1772.954749,22.934014
M18394,catboost_robust,748.422311,15.998910
M32570,catboost_robust,1278.472863,16.492192
M40879,catboost_robust,59.684326,1.590398
M19822,catboost_robust,1330.722949,43.611792
M24670,catboost_robust,311.304124,12.087682
M36244,catboost_robust,390.833117,9.594964
M2442,catboost_robust,121.864917,6.580533
M12404,catboost_robust,34.879290,1.275160
M12754,catboost_robust,29.439004,1.138374
M29510,catboost_robust,183.696312,5.281683
M19100,catboost_robust,1053.484426,35.534075
M36643,catboost_robust,40.462929,2.587576
M12712,catboost_robust,191.179686,10.335444
M19039,catboost_robust,497.667432,15.271033
M2183,catboost_robust,100.675527,3.538797
M38074,catboost_robust,2114.596151,41.102821
M39011,catboost_robust,76.595513,7.569296
M26405,catboost_robust,49.906699,2.128610
M23424,catboost_robust,172.128443,4.035921
M25000,catboost_robust,233.638795,6.097901
M38778,catboost_robust,100.677756,1.002828
M37249,catboost_robust,1081.069286,41.611688
M36925,catboost_robust,467.068369,14.883190
M5735,catboost_robust,1020.304678,9.684649
M20252,catboost_robust,654.639959,18.168011
M37370,catboost_robust,43.087105,4.374740
M20820,catboost_robust,234.953982,19.691718
M25750,catboost_robust,107.523802,9.467554
M26657,catboost_robust,72.378701,7.211638
M19928,catboost_robust,618.912990,12.052825
M11016,catboost_robust,81.772407,4.570374
M29269,catboost_robust,117.266395,5.749934
M22571,catboost_robust,27.623964,1.370768
M7746,catboost_robust,3231.525641,33.818131
M22653,catboost_robust,13.118509,0.886760
M28137,catboost_robust,729.357080,7.221205
M14884,catboost_robust,581.839033,5.955752
M2955,catboost_robust,889.442364,8.871448
M36494,catboost_robust,25.199695,1.502469
M33390,catboost_robust,724.554654,41.095249
M9021,catboost_robust,1469.623613,53.332805
M27093,catboost_robust,263.294845,2.500792
M23830,catboost_robust,793.998660,12.457915
M16180,catboost_robust,685.963833,5.364447
M40947,catboost_robust,658.927798,12.796039
M31013,catboost_robust,358.445353,7.233806
M24082,catboost_robust,461.021910,13.430636
M15401,catboost_robust,608.367076,21.073795
M32772,catboost_quantile,726.349216,27.093972
M39513,catboost_quantile,109.916115,7.246887
M43582,catboost_quantile,305.201698,8.634230
M2976,catboost_quantile,351.986954,3.172365
M3378,catboost_quantile,55.831954,0.902264
M3793,catboost_quantile,170.600924,4.527664
M34124,catboost_quantile,346.878561,13.408331
M19848,catboost_quantile,773.664661,34.127140
M10422,catboost_quantile,39.050553,3.531831
M28534,catboost_quantile,163.778787,1.627115
M35123,catboost_quantile,369.610598,17.110973
M38965,catboost_quantile,99.477441,0.993987
M4832,catboost_quantile,152.241818,2.771847
M26546,catboost_quantile,1134.125788,18.059079
M26508,catboost_quantile,46.769994,1.056908
M843,catboost_quantile,12.881659,1.189520
M27135,catboost_quantile,12.174640,0.959943
M24472,catboost_quantile,466.646293,4.622551
M41399,catboost_quantile,663.045380,9.854677
M6401,catboost_quantile,1132.472541,9.217865
M8727,catboost_quantile,157.155154,25.544261
M19175,catboost_quantile,1084.008294,17.804176
M34044,catboost_quantile,898.176546,22.975923
M10601,catboost_quantile,595.254652,14.446738
M22156,catboost_quantile,181.046989,4.792779
M13817,catboost_quantile,588.116260,19.702492
M20403,catboost_quantile,595.633270,50.960834
M33554,catboost_quantile,202.354398,25.746753
M17448,catboost_quantile,230.037657,26.074294
M1705,catboost_quantile,70.854421,2.547433
M24937,catboost_quantile,200.287465,4.701890
M15412,catboost_quantile,1742.147634,22.226723
M9114,catboost_quantile,570.678340,27.442829
M41584,catboost_quantile,509.335245,5.404679
M19528,catboost_quantile,178.983754,13.568813
M31381,catboost_quantile,975.930513,29.686782
M37217,catboost_quantile,52.833217,4.961912
M5663,catboost_quantile,775.630714,6.911684
M23337,catboost_quantile,18.015762,1.081996
M15952,catboost_quantile,655.936592,11.980475
M43622,catboost_quantile,1779.820647,15.435079
M47799,catboost_quantile,1668.912144,38.471812
M36823,catboost_quantile,1989.160103,13.625455
M19842,catboost_quantile,561.251005,21.987477
M3920,catboost_quantile,204.990440,7.276936
M33760,catboost_quantile,1592.238788,22.585074
M26741,catboost_quantile,210.680660,2.695895
M11301,catboost_quantile,50.479724,2.214179
M39695,catboost_quantile,640.684484,8.007925
M26684,catboost_quantile,840.369816,15.157927
M32983,catboost_quantile,53.566152,4.826607
M34628,catboost_quantile,2052.565484,28.924049
M24410,catboost_quantile,123.574822,3.057616
M10445,catboost_quantile,39.097587,3.770317
M27785,catboost_quantile,1532.277757,11.051385
M16157,catboost_quantile,307.360339,22.149242
M27832,catboost_quantile,676.737223,20.052861
M45377,catboost_quantile,292.872068,13.855925
M26001,catboost_quantile,172.109727,3.554364
M40961,catboost_quantile,5067.785303,36.130668
M5,catboost_quantile,52.601660,1.205019
M6840,catboost_quantile,756.182538,9.597323
M36792,catboost_quantile,299.032839,10.610177
M27368,catboost_quantile,461.916823,2.355210
M11193,catboost_quantile,31.260559,0.669982
M44275,catboost_quantile,21.563351,11.617977
M27721,catboost_quantile,6.798366,0.513226
M46313,catboost_quantile,281.705370,4.499636
M40266,catboost_quantile,1508.624958,17.516821
M19269,catboost_quantile,613.091241,39.852624
M39188,catboost_quantile,135.063279,5.783574
M40717,catboost_quantile,2189.496181,12.653629
M9061,catboost_quantile,1775.753600,60.992045
M37631,catboost_quantile,291.232837,2.847656
M14400,catboost_quantile,1214.947624,8.231317
M43093,catboost_quantile,45.220722,2.602647
M45915,catboost_quantile,153.733255,8.835751
M10391,catboost_quantile,308.638184,8.296373
M2477,catboost_quantile,420.385175,7.631725
M41747,catboost_quantile,540.865661,20.303514
M7569,catboost_quantile,380.430436,20.639075
M45430,catboost_quantile,304.228591,9.220905
M10158,catboost_quantile,56.802536,3.243618
M24801,catboost_quantile,80.359534,2.922622
M44781,catboost_quantile,1717.249839,13.984356
M854,catboost_quantile,183.655082,4.171780
M43251,catboost_quantile,84.063446,8.072036
M12609,catboost_quantile,94.026382,2.773095
M986,catboost_quantile,85.379719,3.799863
M26132,catboost_quantile,41.218811,2.885473
M39259,catboost_quantile,966.806819,11.210928
M18286,catboost_quantile,1228.870317,29.995076
M24589,catboost_quantile,116.148424,3.454450
M2711,catboost_quantile,548.284384,5.882936
M28213,catboost_quantile,91.113010,0.920266
M25943,catboost_quantile,1068.407944,7.510754
M40019,catboost_quantile,1606.894033,25.665210
M31002,catboost_quantile,1035.874033,23.465830
M27478,catboost_quantile,57.559215,1.827740
M36609,catboost_quantile,35.221911,2.505907
M10677,catboost_quantile,507.651601,3.097462
M12734,catboost_quantile,6.748116,0.522781
M25835,catboost_quantile,432.274644,6.212680
M1423,catboost_quantile,30.454695,1.164381
M14274,catboost_quantile,623.919336,8.175354
M36159,catboost_quantile,1109.094699,17.530962
M30895,catboost_quantile,645.941629,8.844800
M34094,catboost_quantile,1411.686376,46.196723
M30170,catboost_quantile,102.129532,2.617349
M21061,catboost_quantile,139.971236,7.478658
M2864,catboost_quantile,1296.522601,10.522948
M47962,catboost_quantile,636.945877,13.254017
M20089,catboost_quantile,371.017026,16.995297
M15704,catboost_quantile,202.552267,8.527145
M2800,catboost_quantile,321.796079,9.274866
M17556,catboost_quantile,635.632994,48.306557
M3169,catboost_quantile,522.283399,4.224386
M8649,catboost_quantile,902.662948,34.102391
M27326,catboost_quantile,54.752746,3.434377
M31121,catboost_quantile,264.036099,18.088814
M2433,catboost_quantile,329.768815,5.939752
M41134,catboost_quantile,576.967070,9.290160
M31081,catboost_quantile,360.117159,9.236017
M7194,catboost_quantile,879.187394,17.627228
M21216,catboost_quantile,183.884661,7.090075
M6651,catboost_quantile,1235.164743,16.028807
M8298,catboost_quantile,1494.650107,50.421660
M24871,catboost_quantile,80.298719,0.987939
M12267,catboost_quantile,98.607324,0.960176
M21362,catboost_quantile,224.028134,12.426497
M27551,catboost_quantile,17.703406,1.577433
M5764,catboost_quantile,126.194113,1.467955
M25201,catboost_quantile,122.623471,2.079854
M29756,catboost_quantile,367.662070,3.819221
M26654,catboost_quantile,400.748312,21.366454
M38360,catboost_quantile,68.698756,1.428920
M33017,catboost_quantile,1948.219377,33.118408
M12430,catboost_quantile,206.839582,6.294233
M33772,catboost_quantile,940.545657,8.507155
M6341,catboost_quantile,252.780207,4.670218
M16502,catboost_quantile,320.408978,7.180777
M32262,catboost_quantile,3710.995286,50.048997
M45792,catboost_quantile,198.672056,18.125820
M30603,catboost_quantile,636.694005,6.662818
M5081,catboost_quantile,143.515872,3.615618
M12529,catboost_quantile,98.075152,2.551927
M2580,catboost_quantile,104.119952,1.541938
M46344,catboost_quantile,565.948094,10.580752
M31613,catboost_quantile,151.517924,3.098682
M17610,catboost_quantile,693.340596,20.877594
M39483,catboost_quantile,104.517400,2.264302
M17963,catboost_quantile,1187.924958,30.951817
M30283,catboost_quantile,374.400952,16.566431
M12470,catboost_quantile,63.689667,2.632722
M40800,catboost_quantile,73.732998,4.898566
M13578,catboost_quantile,503.784276,16.283665
M38839,catboost_quantile,263.492859,2.600862
M7375,catboost_quantile,576.525455,11.779572
M29388,catboost_quantile,237.170654,3.648129
M41495,catboost_quantile,302.178115,11.906065
M4505,catboost_quantile,1028.784150,14.566252
M24565,catboost_quantile,138.583019,2.456839
M43082,catboost_quantile,172.159063,7.183944
M41390,catboost_quantile,444.474587,6.699007
M15005,catboost_quantile,657.741112,8.873933
M8593,catboost_quantile,1352.981421,21.924900
M5755,catboost_quantile,452.576251,12.219901
M16818,catboost_quantile,292.288827,3.628711
M15385,catboost_quantile,55.459168,3.519838
M45346,catboost_quantile,651.889347,10.515854
M8046,catboost_quantile,315.842312,32.911906
M23315,catboost_quantile,45.971774,1.486373
M43146,catboost_quantile,248.814976,6.101850
M38204,catboost_quantile,50.760483,0.833170
M29604,catboost_quantile,18.328031,1.453200
M23277,catboost_quantile,82.992376,1.397445
M3752,catboost_quantile,54.343648,0.923428
M33252,catboost_quantile,913.899546,90.904410
M5693,catboost_quantile,317.930552,7.507918
M7639,catboost_quantile,281.181434,23.811449
M6537,catboost_quantile,45.583094,4.000783
M33657,catboost_quantile,586.008289,14.452107
M21547,catboost_quantile,171.376898,6.502600
M34119,catboost_quantile,765.793022,38.945097
M23557,catboost_quantile,1772.199851,20.849173
M1571,catboost_quantile,58.904669,2.930005
M33216,catboost_quantile,917.610401,45.141897
M8421,catboost_quantile,421.492759,30.646673
M31802,catboost_quantile,635.795686,52.012706
M19304,catboost_quantile,1428.629407,37.396685
M851,catboost_quantile,270.202923,13.444266
M34969,catboost_quantile,250.150220,27.145056
M38555,catboost_quantile,44.489329,1.066032
M10784,catboost_quantile,183.613892,3.519737
M21591,catboost_quantile,192.854618,14.892712
M5730,catboost_quantile,348.749500,6.141869
M13864,catboost_quantile,553.047808,7.340032
M26397,catboost_quantile,80.887556,3.613834
M18895,catboost_quantile,626.485913,15.289282
M28850,catboost_quantile,1325.819743,12.823378
M148,catboost_quantile,280.714937,1.527368
M24450,catboost_quantile,72.871850,1.209122
M43809,catboost_quantile,474.684788,7.091947
M42467,catboost_quantile,645.968054,13.456134
M41589,catboost_quantile,34.744028,1.871766
M35175,catboost_quantile,901.476016,12.509511
M42924,catboost_quantile,406.516112,12.400813
M28580,catboost_quantile,506.414777,5.169053
M17173,catboost_quantile,423.574668,33.336903
M40532,catboost_quantile,335.951705,4.138135
M42995,catboost_quantile,391.131120,23.788572
M9956,catboost_quantile,523.582118,19.506098
M24345,catboost_quantile,731.591097,4.954196
M42537,catboost_quantile,3512.383617,45.890674
M30261,catboost_quantile,339.440436,16.758582
M8327,catboost_quantile,352.476261,14.391766
M18938,catboost_quantile,444.785116,41.059807
M44608,catboost_quantile,62.381487,2.546435
M28207,catboost_quantile,280.810709,2.836725
M19855,catboost_quantile,281.622573,13.195115
M22634,catboost_quantile,28.890094,0.941148
M13180,catboost_quantile,40.018791,1.549108
M17657,catboost_quantile,260.794006,23.438823
M38014,catboost_quantile,55.366699,4.545645
M33096,catboost_quantile,186.763349,26.155561
M17667,catboost_quantile,1640.800654,32.176279
M38440,catboost_quantile,325.951134,4.680575
M30234,catboost_quantile,227.768838,11.029671
M23410,catboost_quantile,223.987066,3.745014
M20756,catboost_quantile,406.255404,44.946493
M47916,catboost_quantile,65.005459,6.390351
M22869,catboost_quantile,98.434126,3.769589
M4304,catboost_quantile,566.416225,6.923951
M41137,catboost_quantile,1274.550128,21.052930
M885,catboost_quantile,130.702408,2.019512
M18554,catboost_quantile,1512.158952,19.630257
M34114,catboost_quantile,289.212396,19.595357
M36326,catboost_quantile,987.107628,18.608809
M22513,catboost_quantile,102.819030,4.165910
M11087,catboost_quantile,16.895327,0.952585
M38166,catboost_quantile,262.471730,2.968303
M36711,catboost_quantile,303.418877,2.619711
M9619,catboost_quantile,294.535872,41.664532
M27889,catboost_quantile,264.550780,12.009109
M2609,catboost_quantile,202.587615,23.911958
M8226,catboost_quantile,1298.006754,32.136505
M29564,catboost_quantile,45.735691,2.731869
M33114,catboost_quantile,698.706896,11.527886
M45890,catboost_quantile,156.540638,9.643449
M12028,catboost_quantile,118.029264,4.185676
M14578,catboost_quantile,407.574706,7.190833
M18393,catboost_quantile,1717.001280,22.319533
M18394,catboost_quantile,713.902792,15.248032
M32570,catboost_quantile,1019.763880,13.393395
M40879,catboost_quantile,85.834917,2.294876
M19822,catboost_quantile,1998.634176,57.649341
M24670,catboost_quantile,318.538647,12.379589
M36244,catboost_quantile,381.926795,9.398791
M2442,catboost_quantile,52.810902,2.732444
M12404,catboost_quantile,40.621720,1.495382
M12754,catboost_quantile,91.310781,3.592783
M29510,catboost_quantile,197.997377,5.709908
M19100,catboost_quantile,1304.642772,41.452594
M36643,catboost_quantile,45.381699,2.910508
M12712,catboost_quantile,221.163526,11.806502
M19039,catboost_quantile,507.511737,15.489913
M2183,catboost_quantile,66.838790,2.349138
M38074,catboost_quantile,1750.738189,34.389888
M39011,catboost_quantile,133.975552,12.844599
M26405,catboost_quantile,56.189722,2.391647
M23424,catboost_quantile,65.252065,1.552982
M25000,catboost_quantile,231.327370,6.036803
M38778,catboost_quantile,122.488503,1.219989
M37249,catboost_quantile,280.986261,9.214014
M36925,catboost_quantile,515.094834,16.277541
M5735,catboost_quantile,1142.496992,10.908243
M20252,catboost_quantile,607.247579,16.715426
M37370,catboost_quantile,43.681966,4.433618
M20820,catboost_quantile,228.412508,19.234752
M25750,catboost_quantile,114.856068,10.067412
M26657,catboost_quantile,101.654402,9.840534
M19928,catboost_quantile,524.767196,10.345601
M11016,catboost_quantile,78.537460,4.383895
M29269,catboost_quantile,147.423802,7.042708
M22571,catboost_quantile,46.348730,2.313523
M7746,catboost_quantile,3078.662838,32.547476
M22653,catboost_quantile,17.107207,1.152854
M28137,catboost_quantile,376.435939,3.731624
M14884,catboost_quantile,576.344334,5.898702
M2955,catboost_quantile,738.314620,7.291380
M36494,catboost_quantile,59.555299,3.575337
M33390,catboost_quantile,737.076953,42.537362
M9021,catboost_quantile,1366.246543,50.499010
M27093,catboost_quantile,103.155845,0.992040
M23830,catboost_quantile,708.974406,11.101497
M16180,catboost_quantile,1075.147721,8.269429
M40947,catboost_quantile,642.589031,12.466707
M31013,catboost_quantile,482.745074,9.884235
M24082,catboost_quantile,525.091572,14.904606
M15401,catboost_quantile,707.866018,25.052576
